time_id,full_date,day_of_week,day_of_week_num,day_of_month,day_of_year,week_of_year,month_num,month_name,month_abbr,quarter_num,quarter_name,year,year_month,year_quarter,is_weekend,is_holiday,fiscal_year,fiscal_quarter
20250101,2025-01-01,Wednesday,3,1,1,1,1,January,Jan,1,Q1,2025,202501,2025-Q1,0,0,2025,FQ1
20250102,2025-01-02,Thursday,4,2,2,1,1,January,Jan,1,Q1,2025,202501,2025-Q1,0,0,2025,FQ1
20250103,2025-01-03,Friday,5,3,3,1,1,January,Jan,1,Q1,2025,202501,2025-Q1,0,0,2025,FQ1
20250104,2025-01-04,Saturday,6,4,4,1,1,January,Jan,1,Q1,2025,202501,2025-Q1,1,0,2025,FQ1
20250105,2025-01-05,Sunday,7,5,5,1,1,January,Jan,1,Q1,2025,202501,2025-Q1,1,0,2025,FQ1
20250106,2025-01-06,Monday,1,6,6,2,1,January,Jan,1,Q1,2025,202501,2025-Q1,0,0,2025,FQ1
20250107,2025-01-07,Tuesday,2,7,7,2,1,January,Jan,1,Q1,2025,202501,2025-Q1,0,0,2025,FQ1
20250108,2025-01-08,Wednesday,3,8,8,2,1,January,Jan,1,Q1,2025,202501,2025-Q1,0,0,2025,FQ1
20250109,2025-01-09,Thursday,4,9,9,2,1,January,Jan,1,Q1,2025,202501,2025-Q1,0,0,2025,FQ1
20250110,2025-01-10,Friday,5,10,10,2,1,January,Jan,1,Q1,2025,202501,2025-Q1,0,0,2025,FQ1
20250111,2025-01-11,Saturday,6,11,11,2,1,January,Jan,1,Q1,2025,202501,2025-Q1,1,0,2025,FQ1
20250112,2025-01-12,Sunday,7,12,12,2,1,January,Jan,1,Q1,2025,202501,2025-Q1,1,0,2025,FQ1
20250113,2025-01-13,Monday,1,13,13,3,1,January,Jan,1,Q1,2025,202501,2025-Q1,0,0,2025,FQ1
20250114,2025-01-14,Tuesday,2,14,14,3,1,January,Jan,1,Q1,2025,202501,2025-Q1,0,0,2025,FQ1
20250115,2025-01-15,Wednesday,3,15,15,3,1,January,Jan,1,Q1,2025,202501,2025-Q1,0,0,2025,FQ1
20250116,2025-01-16,Thursday,4,16,16,3,1,January,Jan,1,Q1,2025,202501,2025-Q1,0,0,2025,FQ1
20250117,2025-01-17,Friday,5,17,17,3,1,January,Jan,1,Q1,2025,202501,2025-Q1,0,0,2025,FQ1
20250118,2025-01-18,Saturday,6,18,18,3,1,January,Jan,1,Q1,2025,202501,2025-Q1,1,0,2025,FQ1
20250119,2025-01-19,Sunday,7,19,19,3,1,January,Jan,1,Q1,2025,202501,2025-Q1,1,0,2025,FQ1
20250120,2025-01-20,Monday,1,20,20,4,1,January,Jan,1,Q1,2025,202501,2025-Q1,0,0,2025,FQ1
20250121,2025-01-21,Tuesday,2,21,21,4,1,January,Jan,1,Q1,2025,202501,2025-Q1,0,0,2025,FQ1
20250122,2025-01-22,Wednesday,3,22,22,4,1,January,Jan,1,Q1,2025,202501,2025-Q1,0,0,2025,FQ1
20250123,2025-01-23,Thursday,4,23,23,4,1,January,Jan,1,Q1,2025,202501,2025-Q1,0,0,2025,FQ1
20250124,2025-01-24,Friday,5,24,24,4,1,January,Jan,1,Q1,2025,202501,2025-Q1,0,0,2025,FQ1
20250125,2025-01-25,Saturday,6,25,25,4,1,January,Jan,1,Q1,2025,202501,2025-Q1,1,0,2025,FQ1
20250126,2025-01-26,Sunday,7,26,26,4,1,January,Jan,1,Q1,2025,202501,2025-Q1,1,0,2025,FQ1
20250127,2025-01-27,Monday,1,27,27,5,1,January,Jan,1,Q1,2025,202501,2025-Q1,0,0,2025,FQ1
20250128,2025-01-28,Tuesday,2,28,28,5,1,January,Jan,1,Q1,2025,202501,2025-Q1,0,0,2025,FQ1
20250129,2025-01-29,Wednesday,3,29,29,5,1,January,Jan,1,Q1,2025,202501,2025-Q1,0,0,2025,FQ1
20250130,2025-01-30,Thursday,4,30,30,5,1,January,Jan,1,Q1,2025,202501,2025-Q1,0,0,2025,FQ1
20250131,2025-01-31,Friday,5,31,31,5,1,January,Jan,1,Q1,2025,202501,2025-Q1,0,0,2025,FQ1
20250201,2025-02-01,Saturday,6,1,32,5,2,February,Feb,1,Q1,2025,202502,2025-Q1,1,0,2025,FQ1
20250202,2025-02-02,Sunday,7,2,33,5,2,February,Feb,1,Q1,2025,202502,2025-Q1,1,0,2025,FQ1
20250203,2025-02-03,Monday,1,3,34,6,2,February,Feb,1,Q1,2025,202502,2025-Q1,0,0,2025,FQ1
20250204,2025-02-04,Tuesday,2,4,35,6,2,February,Feb,1,Q1,2025,202502,2025-Q1,0,0,2025,FQ1
20250205,2025-02-05,Wednesday,3,5,36,6,2,February,Feb,1,Q1,2025,202502,2025-Q1,0,0,2025,FQ1
20250206,2025-02-06,Thursday,4,6,37,6,2,February,Feb,1,Q1,2025,202502,2025-Q1,0,0,2025,FQ1
20250207,2025-02-07,Friday,5,7,38,6,2,February,Feb,1,Q1,2025,202502,2025-Q1,0,0,2025,FQ1
20250208,2025-02-08,Saturday,6,8,39,6,2,February,Feb,1,Q1,2025,202502,2025-Q1,1,0,2025,FQ1
20250209,2025-02-09,Sunday,7,9,40,6,2,February,Feb,1,Q1,2025,202502,2025-Q1,1,0,2025,FQ1
20250210,2025-02-10,Monday,1,10,41,7,2,February,Feb,1,Q1,2025,202502,2025-Q1,0,0,2025,FQ1
20250211,2025-02-11,Tuesday,2,11,42,7,2,February,Feb,1,Q1,2025,202502,2025-Q1,0,0,2025,FQ1
20250212,2025-02-12,Wednesday,3,12,43,7,2,February,Feb,1,Q1,2025,202502,2025-Q1,0,0,2025,FQ1
20250213,2025-02-13,Thursday,4,13,44,7,2,February,Feb,1,Q1,2025,202502,2025-Q1,0,0,2025,FQ1
20250214,2025-02-14,Friday,5,14,45,7,2,February,Feb,1,Q1,2025,202502,2025-Q1,0,0,2025,FQ1
20250215,2025-02-15,Saturday,6,15,46,7,2,February,Feb,1,Q1,2025,202502,2025-Q1,1,0,2025,FQ1
20250216,2025-02-16,Sunday,7,16,47,7,2,February,Feb,1,Q1,2025,202502,2025-Q1,1,0,2025,FQ1
20250217,2025-02-17,Monday,1,17,48,8,2,February,Feb,1,Q1,2025,202502,2025-Q1,0,0,2025,FQ1
20250218,2025-02-18,Tuesday,2,18,49,8,2,February,Feb,1,Q1,2025,202502,2025-Q1,0,0,2025,FQ1
20250219,2025-02-19,Wednesday,3,19,50,8,2,February,Feb,1,Q1,2025,202502,2025-Q1,0,0,2025,FQ1
20250220,2025-02-20,Thursday,4,20,51,8,2,February,Feb,1,Q1,2025,202502,2025-Q1,0,0,2025,FQ1
20250221,2025-02-21,Friday,5,21,52,8,2,February,Feb,1,Q1,2025,202502,2025-Q1,0,0,2025,FQ1
20250222,2025-02-22,Saturday,6,22,53,8,2,February,Feb,1,Q1,2025,202502,2025-Q1,1,0,2025,FQ1
20250223,2025-02-23,Sunday,7,23,54,8,2,February,Feb,1,Q1,2025,202502,2025-Q1,1,0,2025,FQ1
20250224,2025-02-24,Monday,1,24,55,9,2,February,Feb,1,Q1,2025,202502,2025-Q1,0,0,2025,FQ1
20250225,2025-02-25,Tuesday,2,25,56,9,2,February,Feb,1,Q1,2025,202502,2025-Q1,0,0,2025,FQ1
20250226,2025-02-26,Wednesday,3,26,57,9,2,February,Feb,1,Q1,2025,202502,2025-Q1,0,0,2025,FQ1
20250227,2025-02-27,Thursday,4,27,58,9,2,February,Feb,1,Q1,2025,202502,2025-Q1,0,0,2025,FQ1
20250228,2025-02-28,Friday,5,28,59,9,2,February,Feb,1,Q1,2025,202502,2025-Q1,0,0,2025,FQ1
20250301,2025-03-01,Saturday,6,1,60,9,3,March,Mar,1,Q1,2025,202503,2025-Q1,1,0,2025,FQ1
20250302,2025-03-02,Sunday,7,2,61,9,3,March,Mar,1,Q1,2025,202503,2025-Q1,1,0,2025,FQ1
20250303,2025-03-03,Monday,1,3,62,10,3,March,Mar,1,Q1,2025,202503,2025-Q1,0,0,2025,FQ1
20250304,2025-03-04,Tuesday,2,4,63,10,3,March,Mar,1,Q1,2025,202503,2025-Q1,0,0,2025,FQ1
20250305,2025-03-05,Wednesday,3,5,64,10,3,March,Mar,1,Q1,2025,202503,2025-Q1,0,0,2025,FQ1
20250306,2025-03-06,Thursday,4,6,65,10,3,March,Mar,1,Q1,2025,202503,2025-Q1,0,0,2025,FQ1
20250307,2025-03-07,Friday,5,7,66,10,3,March,Mar,1,Q1,2025,202503,2025-Q1,0,0,2025,FQ1
20250308,2025-03-08,Saturday,6,8,67,10,3,March,Mar,1,Q1,2025,202503,2025-Q1,1,0,2025,FQ1
20250309,2025-03-09,Sunday,7,9,68,10,3,March,Mar,1,Q1,2025,202503,2025-Q1,1,0,2025,FQ1
20250310,2025-03-10,Monday,1,10,69,11,3,March,Mar,1,Q1,2025,202503,2025-Q1,0,0,2025,FQ1
20250311,2025-03-11,Tuesday,2,11,70,11,3,March,Mar,1,Q1,2025,202503,2025-Q1,0,0,2025,FQ1
20250312,2025-03-12,Wednesday,3,12,71,11,3,March,Mar,1,Q1,2025,202503,2025-Q1,0,0,2025,FQ1
20250313,2025-03-13,Thursday,4,13,72,11,3,March,Mar,1,Q1,2025,202503,2025-Q1,0,0,2025,FQ1
20250314,2025-03-14,Friday,5,14,73,11,3,March,Mar,1,Q1,2025,202503,2025-Q1,0,0,2025,FQ1
20250315,2025-03-15,Saturday,6,15,74,11,3,March,Mar,1,Q1,2025,202503,2025-Q1,1,0,2025,FQ1
20250316,2025-03-16,Sunday,7,16,75,11,3,March,Mar,1,Q1,2025,202503,2025-Q1,1,0,2025,FQ1
20250317,2025-03-17,Monday,1,17,76,12,3,March,Mar,1,Q1,2025,202503,2025-Q1,0,0,2025,FQ1
20250318,2025-03-18,Tuesday,2,18,77,12,3,March,Mar,1,Q1,2025,202503,2025-Q1,0,0,2025,FQ1
20250319,2025-03-19,Wednesday,3,19,78,12,3,March,Mar,1,Q1,2025,202503,2025-Q1,0,0,2025,FQ1
20250320,2025-03-20,Thursday,4,20,79,12,3,March,Mar,1,Q1,2025,202503,2025-Q1,0,0,2025,FQ1
20250321,2025-03-21,Friday,5,21,80,12,3,March,Mar,1,Q1,2025,202503,2025-Q1,0,0,2025,FQ1
20250322,2025-03-22,Saturday,6,22,81,12,3,March,Mar,1,Q1,2025,202503,2025-Q1,1,0,2025,FQ1
20250323,2025-03-23,Sunday,7,23,82,12,3,March,Mar,1,Q1,2025,202503,2025-Q1,1,0,2025,FQ1
20250324,2025-03-24,Monday,1,24,83,13,3,March,Mar,1,Q1,2025,202503,2025-Q1,0,0,2025,FQ1
20250325,2025-03-25,Tuesday,2,25,84,13,3,March,Mar,1,Q1,2025,202503,2025-Q1,0,0,2025,FQ1
20250326,2025-03-26,Wednesday,3,26,85,13,3,March,Mar,1,Q1,2025,202503,2025-Q1,0,0,2025,FQ1
20250327,2025-03-27,Thursday,4,27,86,13,3,March,Mar,1,Q1,2025,202503,2025-Q1,0,0,2025,FQ1
20250328,2025-03-28,Friday,5,28,87,13,3,March,Mar,1,Q1,2025,202503,2025-Q1,0,0,2025,FQ1
20250329,2025-03-29,Saturday,6,29,88,13,3,March,Mar,1,Q1,2025,202503,2025-Q1,1,0,2025,FQ1
20250330,2025-03-30,Sunday,7,30,89,13,3,March,Mar,1,Q1,2025,202503,2025-Q1,1,0,2025,FQ1
20250331,2025-03-31,Monday,1,31,90,14,3,March,Mar,1,Q1,2025,202503,2025-Q1,0,0,2025,FQ1
20250401,2025-04-01,Tuesday,2,1,91,14,4,April,Apr,2,Q2,2025,202504,2025-Q2,0,0,2025,FQ2
20250402,2025-04-02,Wednesday,3,2,92,14,4,April,Apr,2,Q2,2025,202504,2025-Q2,0,0,2025,FQ2
20250403,2025-04-03,Thursday,4,3,93,14,4,April,Apr,2,Q2,2025,202504,2025-Q2,0,0,2025,FQ2
20250404,2025-04-04,Friday,5,4,94,14,4,April,Apr,2,Q2,2025,202504,2025-Q2,0,0,2025,FQ2
20250405,2025-04-05,Saturday,6,5,95,14,4,April,Apr,2,Q2,2025,202504,2025-Q2,1,0,2025,FQ2
20250406,2025-04-06,Sunday,7,6,96,14,4,April,Apr,2,Q2,2025,202504,2025-Q2,1,0,2025,FQ2
20250407,2025-04-07,Monday,1,7,97,15,4,April,Apr,2,Q2,2025,202504,2025-Q2,0,0,2025,FQ2
20250408,2025-04-08,Tuesday,2,8,98,15,4,April,Apr,2,Q2,2025,202504,2025-Q2,0,0,2025,FQ2
20250409,2025-04-09,Wednesday,3,9,99,15,4,April,Apr,2,Q2,2025,202504,2025-Q2,0,0,2025,FQ2
20250410,2025-04-10,Thursday,4,10,100,15,4,April,Apr,2,Q2,2025,202504,2025-Q2,0,0,2025,FQ2
20250411,2025-04-11,Friday,5,11,101,15,4,April,Apr,2,Q2,2025,202504,2025-Q2,0,0,2025,FQ2
20250412,2025-04-12,Saturday,6,12,102,15,4,April,Apr,2,Q2,2025,202504,2025-Q2,1,0,2025,FQ2
20250413,2025-04-13,Sunday,7,13,103,15,4,April,Apr,2,Q2,2025,202504,2025-Q2,1,0,2025,FQ2
20250414,2025-04-14,Monday,1,14,104,16,4,April,Apr,2,Q2,2025,202504,2025-Q2,0,0,2025,FQ2
20250415,2025-04-15,Tuesday,2,15,105,16,4,April,Apr,2,Q2,2025,202504,2025-Q2,0,0,2025,FQ2
20250416,2025-04-16,Wednesday,3,16,106,16,4,April,Apr,2,Q2,2025,202504,2025-Q2,0,0,2025,FQ2
20250417,2025-04-17,Thursday,4,17,107,16,4,April,Apr,2,Q2,2025,202504,2025-Q2,0,0,2025,FQ2
20250418,2025-04-18,Friday,5,18,108,16,4,April,Apr,2,Q2,2025,202504,2025-Q2,0,0,2025,FQ2
20250419,2025-04-19,Saturday,6,19,109,16,4,April,Apr,2,Q2,2025,202504,2025-Q2,1,0,2025,FQ2
20250420,2025-04-20,Sunday,7,20,110,16,4,April,Apr,2,Q2,2025,202504,2025-Q2,1,0,2025,FQ2
20250421,2025-04-21,Monday,1,21,111,17,4,April,Apr,2,Q2,2025,202504,2025-Q2,0,0,2025,FQ2
20250422,2025-04-22,Tuesday,2,22,112,17,4,April,Apr,2,Q2,2025,202504,2025-Q2,0,0,2025,FQ2
20250423,2025-04-23,Wednesday,3,23,113,17,4,April,Apr,2,Q2,2025,202504,2025-Q2,0,0,2025,FQ2
20250424,2025-04-24,Thursday,4,24,114,17,4,April,Apr,2,Q2,2025,202504,2025-Q2,0,0,2025,FQ2
20250425,2025-04-25,Friday,5,25,115,17,4,April,Apr,2,Q2,2025,202504,2025-Q2,0,0,2025,FQ2
20250426,2025-04-26,Saturday,6,26,116,17,4,April,Apr,2,Q2,2025,202504,2025-Q2,1,0,2025,FQ2
20250427,2025-04-27,Sunday,7,27,117,17,4,April,Apr,2,Q2,2025,202504,2025-Q2,1,0,2025,FQ2
20250428,2025-04-28,Monday,1,28,118,18,4,April,Apr,2,Q2,2025,202504,2025-Q2,0,0,2025,FQ2
20250429,2025-04-29,Tuesday,2,29,119,18,4,April,Apr,2,Q2,2025,202504,2025-Q2,0,0,2025,FQ2
20250430,2025-04-30,Wednesday,3,30,120,18,4,April,Apr,2,Q2,2025,202504,2025-Q2,0,0,2025,FQ2
20250501,2025-05-01,Thursday,4,1,121,18,5,May,May,2,Q2,2025,202505,2025-Q2,0,0,2025,FQ2
20250502,2025-05-02,Friday,5,2,122,18,5,May,May,2,Q2,2025,202505,2025-Q2,0,0,2025,FQ2
20250503,2025-05-03,Saturday,6,3,123,18,5,May,May,2,Q2,2025,202505,2025-Q2,1,0,2025,FQ2
20250504,2025-05-04,Sunday,7,4,124,18,5,May,May,2,Q2,2025,202505,2025-Q2,1,0,2025,FQ2
20250505,2025-05-05,Monday,1,5,125,19,5,May,May,2,Q2,2025,202505,2025-Q2,0,0,2025,FQ2
20250506,2025-05-06,Tuesday,2,6,126,19,5,May,May,2,Q2,2025,202505,2025-Q2,0,0,2025,FQ2
20250507,2025-05-07,Wednesday,3,7,127,19,5,May,May,2,Q2,2025,202505,2025-Q2,0,0,2025,FQ2
20250508,2025-05-08,Thursday,4,8,128,19,5,May,May,2,Q2,2025,202505,2025-Q2,0,0,2025,FQ2
20250509,2025-05-09,Friday,5,9,129,19,5,May,May,2,Q2,2025,202505,2025-Q2,0,0,2025,FQ2
20250510,2025-05-10,Saturday,6,10,130,19,5,May,May,2,Q2,2025,202505,2025-Q2,1,0,2025,FQ2
20250511,2025-05-11,Sunday,7,11,131,19,5,May,May,2,Q2,2025,202505,2025-Q2,1,0,2025,FQ2
20250512,2025-05-12,Monday,1,12,132,20,5,May,May,2,Q2,2025,202505,2025-Q2,0,0,2025,FQ2
20250513,2025-05-13,Tuesday,2,13,133,20,5,May,May,2,Q2,2025,202505,2025-Q2,0,0,2025,FQ2
20250514,2025-05-14,Wednesday,3,14,134,20,5,May,May,2,Q2,2025,202505,2025-Q2,0,0,2025,FQ2
20250515,2025-05-15,Thursday,4,15,135,20,5,May,May,2,Q2,2025,202505,2025-Q2,0,0,2025,FQ2
20250516,2025-05-16,Friday,5,16,136,20,5,May,May,2,Q2,2025,202505,2025-Q2,0,0,2025,FQ2
20250517,2025-05-17,Saturday,6,17,137,20,5,May,May,2,Q2,2025,202505,2025-Q2,1,0,2025,FQ2
20250518,2025-05-18,Sunday,7,18,138,20,5,May,May,2,Q2,2025,202505,2025-Q2,1,0,2025,FQ2
20250519,2025-05-19,Monday,1,19,139,21,5,May,May,2,Q2,2025,202505,2025-Q2,0,0,2025,FQ2
20250520,2025-05-20,Tuesday,2,20,140,21,5,May,May,2,Q2,2025,202505,2025-Q2,0,0,2025,FQ2
20250521,2025-05-21,Wednesday,3,21,141,21,5,May,May,2,Q2,2025,202505,2025-Q2,0,0,2025,FQ2
20250522,2025-05-22,Thursday,4,22,142,21,5,May,May,2,Q2,2025,202505,2025-Q2,0,0,2025,FQ2
20250523,2025-05-23,Friday,5,23,143,21,5,May,May,2,Q2,2025,202505,2025-Q2,0,0,2025,FQ2
20250524,2025-05-24,Saturday,6,24,144,21,5,May,May,2,Q2,2025,202505,2025-Q2,1,0,2025,FQ2
20250525,2025-05-25,Sunday,7,25,145,21,5,May,May,2,Q2,2025,202505,2025-Q2,1,0,2025,FQ2
20250526,2025-05-26,Monday,1,26,146,22,5,May,May,2,Q2,2025,202505,2025-Q2,0,0,2025,FQ2
20250527,2025-05-27,Tuesday,2,27,147,22,5,May,May,2,Q2,2025,202505,2025-Q2,0,0,2025,FQ2
20250528,2025-05-28,Wednesday,3,28,148,22,5,May,May,2,Q2,2025,202505,2025-Q2,0,0,2025,FQ2
20250529,2025-05-29,Thursday,4,29,149,22,5,May,May,2,Q2,2025,202505,2025-Q2,0,0,2025,FQ2
20250530,2025-05-30,Friday,5,30,150,22,5,May,May,2,Q2,2025,202505,2025-Q2,0,0,2025,FQ2
20250531,2025-05-31,Saturday,6,31,151,22,5,May,May,2,Q2,2025,202505,2025-Q2,1,0,2025,FQ2
20250601,2025-06-01,Sunday,7,1,152,22,6,June,Jun,2,Q2,2025,202506,2025-Q2,1,0,2025,FQ2
20250602,2025-06-02,Monday,1,2,153,23,6,June,Jun,2,Q2,2025,202506,2025-Q2,0,0,2025,FQ2
20250603,2025-06-03,Tuesday,2,3,154,23,6,June,Jun,2,Q2,2025,202506,2025-Q2,0,0,2025,FQ2
20250604,2025-06-04,Wednesday,3,4,155,23,6,June,Jun,2,Q2,2025,202506,2025-Q2,0,0,2025,FQ2
20250605,2025-06-05,Thursday,4,5,156,23,6,June,Jun,2,Q2,2025,202506,2025-Q2,0,0,2025,FQ2
20250606,2025-06-06,Friday,5,6,157,23,6,June,Jun,2,Q2,2025,202506,2025-Q2,0,0,2025,FQ2
20250607,2025-06-07,Saturday,6,7,158,23,6,June,Jun,2,Q2,2025,202506,2025-Q2,1,0,2025,FQ2
20250608,2025-06-08,Sunday,7,8,159,23,6,June,Jun,2,Q2,2025,202506,2025-Q2,1,0,2025,FQ2
20250609,2025-06-09,Monday,1,9,160,24,6,June,Jun,2,Q2,2025,202506,2025-Q2,0,0,2025,FQ2
20250610,2025-06-10,Tuesday,2,10,161,24,6,June,Jun,2,Q2,2025,202506,2025-Q2,0,0,2025,FQ2
20250611,2025-06-11,Wednesday,3,11,162,24,6,June,Jun,2,Q2,2025,202506,2025-Q2,0,0,2025,FQ2
20250612,2025-06-12,Thursday,4,12,163,24,6,June,Jun,2,Q2,2025,202506,2025-Q2,0,0,2025,FQ2
20250613,2025-06-13,Friday,5,13,164,24,6,June,Jun,2,Q2,2025,202506,2025-Q2,0,0,2025,FQ2
20250614,2025-06-14,Saturday,6,14,165,24,6,June,Jun,2,Q2,2025,202506,2025-Q2,1,0,2025,FQ2
20250615,2025-06-15,Sunday,7,15,166,24,6,June,Jun,2,Q2,2025,202506,2025-Q2,1,0,2025,FQ2
20250616,2025-06-16,Monday,1,16,167,25,6,June,Jun,2,Q2,2025,202506,2025-Q2,0,0,2025,FQ2
20250617,2025-06-17,Tuesday,2,17,168,25,6,June,Jun,2,Q2,2025,202506,2025-Q2,0,0,2025,FQ2
20250618,2025-06-18,Wednesday,3,18,169,25,6,June,Jun,2,Q2,2025,202506,2025-Q2,0,0,2025,FQ2
20250619,2025-06-19,Thursday,4,19,170,25,6,June,Jun,2,Q2,2025,202506,2025-Q2,0,0,2025,FQ2
20250620,2025-06-20,Friday,5,20,171,25,6,June,Jun,2,Q2,2025,202506,2025-Q2,0,0,2025,FQ2
20250621,2025-06-21,Saturday,6,21,172,25,6,June,Jun,2,Q2,2025,202506,2025-Q2,1,0,2025,FQ2
20250622,2025-06-22,Sunday,7,22,173,25,6,June,Jun,2,Q2,2025,202506,2025-Q2,1,0,2025,FQ2
20250623,2025-06-23,Monday,1,23,174,26,6,June,Jun,2,Q2,2025,202506,2025-Q2,0,0,2025,FQ2
20250624,2025-06-24,Tuesday,2,24,175,26,6,June,Jun,2,Q2,2025,202506,2025-Q2,0,0,2025,FQ2
20250625,2025-06-25,Wednesday,3,25,176,26,6,June,Jun,2,Q2,2025,202506,2025-Q2,0,0,2025,FQ2
20250626,2025-06-26,Thursday,4,26,177,26,6,June,Jun,2,Q2,2025,202506,2025-Q2,0,0,2025,FQ2
20250627,2025-06-27,Friday,5,27,178,26,6,June,Jun,2,Q2,2025,202506,2025-Q2,0,0,2025,FQ2
20250628,2025-06-28,Saturday,6,28,179,26,6,June,Jun,2,Q2,2025,202506,2025-Q2,1,0,2025,FQ2
20250629,2025-06-29,Sunday,7,29,180,26,6,June,Jun,2,Q2,2025,202506,2025-Q2,1,0,2025,FQ2
20250630,2025-06-30,Monday,1,30,181,27,6,June,Jun,2,Q2,2025,202506,2025-Q2,0,0,2025,FQ2
20250701,2025-07-01,Tuesday,2,1,182,27,7,July,Jul,3,Q3,2025,202507,2025-Q3,0,0,2025,FQ3
20250702,2025-07-02,Wednesday,3,2,183,27,7,July,Jul,3,Q3,2025,202507,2025-Q3,0,0,2025,FQ3
20250703,2025-07-03,Thursday,4,3,184,27,7,July,Jul,3,Q3,2025,202507,2025-Q3,0,0,2025,FQ3
20250704,2025-07-04,Friday,5,4,185,27,7,July,Jul,3,Q3,2025,202507,2025-Q3,0,0,2025,FQ3
20250705,2025-07-05,Saturday,6,5,186,27,7,July,Jul,3,Q3,2025,202507,2025-Q3,1,0,2025,FQ3
20250706,2025-07-06,Sunday,7,6,187,27,7,July,Jul,3,Q3,2025,202507,2025-Q3,1,0,2025,FQ3
20250707,2025-07-07,Monday,1,7,188,28,7,July,Jul,3,Q3,2025,202507,2025-Q3,0,0,2025,FQ3
20250708,2025-07-08,Tuesday,2,8,189,28,7,July,Jul,3,Q3,2025,202507,2025-Q3,0,0,2025,FQ3
20250709,2025-07-09,Wednesday,3,9,190,28,7,July,Jul,3,Q3,2025,202507,2025-Q3,0,0,2025,FQ3
20250710,2025-07-10,Thursday,4,10,191,28,7,July,Jul,3,Q3,2025,202507,2025-Q3,0,0,2025,FQ3
20250711,2025-07-11,Friday,5,11,192,28,7,July,Jul,3,Q3,2025,202507,2025-Q3,0,0,2025,FQ3
20250712,2025-07-12,Saturday,6,12,193,28,7,July,Jul,3,Q3,2025,202507,2025-Q3,1,0,2025,FQ3
20250713,2025-07-13,Sunday,7,13,194,28,7,July,Jul,3,Q3,2025,202507,2025-Q3,1,0,2025,FQ3
20250714,2025-07-14,Monday,1,14,195,29,7,July,Jul,3,Q3,2025,202507,2025-Q3,0,0,2025,FQ3
20250715,2025-07-15,Tuesday,2,15,196,29,7,July,Jul,3,Q3,2025,202507,2025-Q3,0,0,2025,FQ3
20250716,2025-07-16,Wednesday,3,16,197,29,7,July,Jul,3,Q3,2025,202507,2025-Q3,0,0,2025,FQ3
20250717,2025-07-17,Thursday,4,17,198,29,7,July,Jul,3,Q3,2025,202507,2025-Q3,0,0,2025,FQ3
20250718,2025-07-18,Friday,5,18,199,29,7,July,Jul,3,Q3,2025,202507,2025-Q3,0,0,2025,FQ3
20250719,2025-07-19,Saturday,6,19,200,29,7,July,Jul,3,Q3,2025,202507,2025-Q3,1,0,2025,FQ3
20250720,2025-07-20,Sunday,7,20,201,29,7,July,Jul,3,Q3,2025,202507,2025-Q3,1,0,2025,FQ3
20250721,2025-07-21,Monday,1,21,202,30,7,July,Jul,3,Q3,2025,202507,2025-Q3,0,0,2025,FQ3
20250722,2025-07-22,Tuesday,2,22,203,30,7,July,Jul,3,Q3,2025,202507,2025-Q3,0,0,2025,FQ3
20250723,2025-07-23,Wednesday,3,23,204,30,7,July,Jul,3,Q3,2025,202507,2025-Q3,0,0,2025,FQ3
20250724,2025-07-24,Thursday,4,24,205,30,7,July,Jul,3,Q3,2025,202507,2025-Q3,0,0,2025,FQ3
20250725,2025-07-25,Friday,5,25,206,30,7,July,Jul,3,Q3,2025,202507,2025-Q3,0,0,2025,FQ3
20250726,2025-07-26,Saturday,6,26,207,30,7,July,Jul,3,Q3,2025,202507,2025-Q3,1,0,2025,FQ3
20250727,2025-07-27,Sunday,7,27,208,30,7,July,Jul,3,Q3,2025,202507,2025-Q3,1,0,2025,FQ3
20250728,2025-07-28,Monday,1,28,209,31,7,July,Jul,3,Q3,2025,202507,2025-Q3,0,0,2025,FQ3
20250729,2025-07-29,Tuesday,2,29,210,31,7,July,Jul,3,Q3,2025,202507,2025-Q3,0,0,2025,FQ3
20250730,2025-07-30,Wednesday,3,30,211,31,7,July,Jul,3,Q3,2025,202507,2025-Q3,0,0,2025,FQ3
20250731,2025-07-31,Thursday,4,31,212,31,7,July,Jul,3,Q3,2025,202507,2025-Q3,0,0,2025,FQ3
20250801,2025-08-01,Friday,5,1,213,31,8,August,Aug,3,Q3,2025,202508,2025-Q3,0,0,2025,FQ3
20250802,2025-08-02,Saturday,6,2,214,31,8,August,Aug,3,Q3,2025,202508,2025-Q3,1,0,2025,FQ3
20250803,2025-08-03,Sunday,7,3,215,31,8,August,Aug,3,Q3,2025,202508,2025-Q3,1,0,2025,FQ3
20250804,2025-08-04,Monday,1,4,216,32,8,August,Aug,3,Q3,2025,202508,2025-Q3,0,0,2025,FQ3
20250805,2025-08-05,Tuesday,2,5,217,32,8,August,Aug,3,Q3,2025,202508,2025-Q3,0,0,2025,FQ3
20250806,2025-08-06,Wednesday,3,6,218,32,8,August,Aug,3,Q3,2025,202508,2025-Q3,0,0,2025,FQ3
20250807,2025-08-07,Thursday,4,7,219,32,8,August,Aug,3,Q3,2025,202508,2025-Q3,0,0,2025,FQ3
20250808,2025-08-08,Friday,5,8,220,32,8,August,Aug,3,Q3,2025,202508,2025-Q3,0,0,2025,FQ3
20250809,2025-08-09,Saturday,6,9,221,32,8,August,Aug,3,Q3,2025,202508,2025-Q3,1,0,2025,FQ3
20250810,2025-08-10,Sunday,7,10,222,32,8,August,Aug,3,Q3,2025,202508,2025-Q3,1,0,2025,FQ3
20250811,2025-08-11,Monday,1,11,223,33,8,August,Aug,3,Q3,2025,202508,2025-Q3,0,0,2025,FQ3
20250812,2025-08-12,Tuesday,2,12,224,33,8,August,Aug,3,Q3,2025,202508,2025-Q3,0,0,2025,FQ3
20250813,2025-08-13,Wednesday,3,13,225,33,8,August,Aug,3,Q3,2025,202508,2025-Q3,0,0,2025,FQ3
20250814,2025-08-14,Thursday,4,14,226,33,8,August,Aug,3,Q3,2025,202508,2025-Q3,0,0,2025,FQ3
20250815,2025-08-15,Friday,5,15,227,33,8,August,Aug,3,Q3,2025,202508,2025-Q3,0,0,2025,FQ3
20250816,2025-08-16,Saturday,6,16,228,33,8,August,Aug,3,Q3,2025,202508,2025-Q3,1,0,2025,FQ3
20250817,2025-08-17,Sunday,7,17,229,33,8,August,Aug,3,Q3,2025,202508,2025-Q3,1,0,2025,FQ3
20250818,2025-08-18,Monday,1,18,230,34,8,August,Aug,3,Q3,2025,202508,2025-Q3,0,0,2025,FQ3
20250819,2025-08-19,Tuesday,2,19,231,34,8,August,Aug,3,Q3,2025,202508,2025-Q3,0,0,2025,FQ3
20250820,2025-08-20,Wednesday,3,20,232,34,8,August,Aug,3,Q3,2025,202508,2025-Q3,0,0,2025,FQ3
20250821,2025-08-21,Thursday,4,21,233,34,8,August,Aug,3,Q3,2025,202508,2025-Q3,0,0,2025,FQ3
20250822,2025-08-22,Friday,5,22,234,34,8,August,Aug,3,Q3,2025,202508,2025-Q3,0,0,2025,FQ3
20250823,2025-08-23,Saturday,6,23,235,34,8,August,Aug,3,Q3,2025,202508,2025-Q3,1,0,2025,FQ3
20250824,2025-08-24,Sunday,7,24,236,34,8,August,Aug,3,Q3,2025,202508,2025-Q3,1,0,2025,FQ3
20250825,2025-08-25,Monday,1,25,237,35,8,August,Aug,3,Q3,2025,202508,2025-Q3,0,0,2025,FQ3
20250826,2025-08-26,Tuesday,2,26,238,35,8,August,Aug,3,Q3,2025,202508,2025-Q3,0,0,2025,FQ3
20250827,2025-08-27,Wednesday,3,27,239,35,8,August,Aug,3,Q3,2025,202508,2025-Q3,0,0,2025,FQ3
20250828,2025-08-28,Thursday,4,28,240,35,8,August,Aug,3,Q3,2025,202508,2025-Q3,0,0,2025,FQ3
20250829,2025-08-29,Friday,5,29,241,35,8,August,Aug,3,Q3,2025,202508,2025-Q3,0,0,2025,FQ3
20250830,2025-08-30,Saturday,6,30,242,35,8,August,Aug,3,Q3,2025,202508,2025-Q3,1,0,2025,FQ3
20250831,2025-08-31,Sunday,7,31,243,35,8,August,Aug,3,Q3,2025,202508,2025-Q3,1,0,2025,FQ3
20250901,2025-09-01,Monday,1,1,244,36,9,September,Sep,3,Q3,2025,202509,2025-Q3,0,0,2025,FQ3
20250902,2025-09-02,Tuesday,2,2,245,36,9,September,Sep,3,Q3,2025,202509,2025-Q3,0,0,2025,FQ3
20250903,2025-09-03,Wednesday,3,3,246,36,9,September,Sep,3,Q3,2025,202509,2025-Q3,0,0,2025,FQ3
20250904,2025-09-04,Thursday,4,4,247,36,9,September,Sep,3,Q3,2025,202509,2025-Q3,0,0,2025,FQ3
20250905,2025-09-05,Friday,5,5,248,36,9,September,Sep,3,Q3,2025,202509,2025-Q3,0,0,2025,FQ3
20250906,2025-09-06,Saturday,6,6,249,36,9,September,Sep,3,Q3,2025,202509,2025-Q3,1,0,2025,FQ3
20250907,2025-09-07,Sunday,7,7,250,36,9,September,Sep,3,Q3,2025,202509,2025-Q3,1,0,2025,FQ3
20250908,2025-09-08,Monday,1,8,251,37,9,September,Sep,3,Q3,2025,202509,2025-Q3,0,0,2025,FQ3
20250909,2025-09-09,Tuesday,2,9,252,37,9,September,Sep,3,Q3,2025,202509,2025-Q3,0,0,2025,FQ3
20250910,2025-09-10,Wednesday,3,10,253,37,9,September,Sep,3,Q3,2025,202509,2025-Q3,0,0,2025,FQ3
20250911,2025-09-11,Thursday,4,11,254,37,9,September,Sep,3,Q3,2025,202509,2025-Q3,0,0,2025,FQ3
20250912,2025-09-12,Friday,5,12,255,37,9,September,Sep,3,Q3,2025,202509,2025-Q3,0,0,2025,FQ3
20250913,2025-09-13,Saturday,6,13,256,37,9,September,Sep,3,Q3,2025,202509,2025-Q3,1,0,2025,FQ3
20250914,2025-09-14,Sunday,7,14,257,37,9,September,Sep,3,Q3,2025,202509,2025-Q3,1,0,2025,FQ3
20250915,2025-09-15,Monday,1,15,258,38,9,September,Sep,3,Q3,2025,202509,2025-Q3,0,0,2025,FQ3
20250916,2025-09-16,Tuesday,2,16,259,38,9,September,Sep,3,Q3,2025,202509,2025-Q3,0,0,2025,FQ3
20250917,2025-09-17,Wednesday,3,17,260,38,9,September,Sep,3,Q3,2025,202509,2025-Q3,0,0,2025,FQ3
20250918,2025-09-18,Thursday,4,18,261,38,9,September,Sep,3,Q3,2025,202509,2025-Q3,0,0,2025,FQ3
20250919,2025-09-19,Friday,5,19,262,38,9,September,Sep,3,Q3,2025,202509,2025-Q3,0,0,2025,FQ3
20250920,2025-09-20,Saturday,6,20,263,38,9,September,Sep,3,Q3,2025,202509,2025-Q3,1,0,2025,FQ3
20250921,2025-09-21,Sunday,7,21,264,38,9,September,Sep,3,Q3,2025,202509,2025-Q3,1,0,2025,FQ3
20250922,2025-09-22,Monday,1,22,265,39,9,September,Sep,3,Q3,2025,202509,2025-Q3,0,0,2025,FQ3
20250923,2025-09-23,Tuesday,2,23,266,39,9,September,Sep,3,Q3,2025,202509,2025-Q3,0,0,2025,FQ3
20250924,2025-09-24,Wednesday,3,24,267,39,9,September,Sep,3,Q3,2025,202509,2025-Q3,0,0,2025,FQ3
20250925,2025-09-25,Thursday,4,25,268,39,9,September,Sep,3,Q3,2025,202509,2025-Q3,0,0,2025,FQ3
20250926,2025-09-26,Friday,5,26,269,39,9,September,Sep,3,Q3,2025,202509,2025-Q3,0,0,2025,FQ3
20250927,2025-09-27,Saturday,6,27,270,39,9,September,Sep,3,Q3,2025,202509,2025-Q3,1,0,2025,FQ3
20250928,2025-09-28,Sunday,7,28,271,39,9,September,Sep,3,Q3,2025,202509,2025-Q3,1,0,2025,FQ3
20250929,2025-09-29,Monday,1,29,272,40,9,September,Sep,3,Q3,2025,202509,2025-Q3,0,0,2025,FQ3
20250930,2025-09-30,Tuesday,2,30,273,40,9,September,Sep,3,Q3,2025,202509,2025-Q3,0,0,2025,FQ3
20251001,2025-10-01,Wednesday,3,1,274,40,10,October,Oct,4,Q4,2025,202510,2025-Q4,0,0,2025,FQ4
20251002,2025-10-02,Thursday,4,2,275,40,10,October,Oct,4,Q4,2025,202510,2025-Q4,0,0,2025,FQ4
20251003,2025-10-03,Friday,5,3,276,40,10,October,Oct,4,Q4,2025,202510,2025-Q4,0,0,2025,FQ4
20251004,2025-10-04,Saturday,6,4,277,40,10,October,Oct,4,Q4,2025,202510,2025-Q4,1,0,2025,FQ4
20251005,2025-10-05,Sunday,7,5,278,40,10,October,Oct,4,Q4,2025,202510,2025-Q4,1,0,2025,FQ4
20251006,2025-10-06,Monday,1,6,279,41,10,October,Oct,4,Q4,2025,202510,2025-Q4,0,0,2025,FQ4
20251007,2025-10-07,Tuesday,2,7,280,41,10,October,Oct,4,Q4,2025,202510,2025-Q4,0,0,2025,FQ4
20251008,2025-10-08,Wednesday,3,8,281,41,10,October,Oct,4,Q4,2025,202510,2025-Q4,0,0,2025,FQ4
20251009,2025-10-09,Thursday,4,9,282,41,10,October,Oct,4,Q4,2025,202510,2025-Q4,0,0,2025,FQ4
20251010,2025-10-10,Friday,5,10,283,41,10,October,Oct,4,Q4,2025,202510,2025-Q4,0,0,2025,FQ4
20251011,2025-10-11,Saturday,6,11,284,41,10,October,Oct,4,Q4,2025,202510,2025-Q4,1,0,2025,FQ4
20251012,2025-10-12,Sunday,7,12,285,41,10,October,Oct,4,Q4,2025,202510,2025-Q4,1,0,2025,FQ4
20251013,2025-10-13,Monday,1,13,286,42,10,October,Oct,4,Q4,2025,202510,2025-Q4,0,0,2025,FQ4
20251014,2025-10-14,Tuesday,2,14,287,42,10,October,Oct,4,Q4,2025,202510,2025-Q4,0,0,2025,FQ4
20251015,2025-10-15,Wednesday,3,15,288,42,10,October,Oct,4,Q4,2025,202510,2025-Q4,0,0,2025,FQ4
20251016,2025-10-16,Thursday,4,16,289,42,10,October,Oct,4,Q4,2025,202510,2025-Q4,0,0,2025,FQ4
20251017,2025-10-17,Friday,5,17,290,42,10,October,Oct,4,Q4,2025,202510,2025-Q4,0,0,2025,FQ4
20251018,2025-10-18,Saturday,6,18,291,42,10,October,Oct,4,Q4,2025,202510,2025-Q4,1,0,2025,FQ4
20251019,2025-10-19,Sunday,7,19,292,42,10,October,Oct,4,Q4,2025,202510,2025-Q4,1,0,2025,FQ4
20251020,2025-10-20,Monday,1,20,293,43,10,October,Oct,4,Q4,2025,202510,2025-Q4,0,0,2025,FQ4
20251021,2025-10-21,Tuesday,2,21,294,43,10,October,Oct,4,Q4,2025,202510,2025-Q4,0,0,2025,FQ4
20251022,2025-10-22,Wednesday,3,22,295,43,10,October,Oct,4,Q4,2025,202510,2025-Q4,0,0,2025,FQ4
20251023,2025-10-23,Thursday,4,23,296,43,10,October,Oct,4,Q4,2025,202510,2025-Q4,0,0,2025,FQ4
20251024,2025-10-24,Friday,5,24,297,43,10,October,Oct,4,Q4,2025,202510,2025-Q4,0,0,2025,FQ4
20251025,2025-10-25,Saturday,6,25,298,43,10,October,Oct,4,Q4,2025,202510,2025-Q4,1,0,2025,FQ4
20251026,2025-10-26,Sunday,7,26,299,43,10,October,Oct,4,Q4,2025,202510,2025-Q4,1,0,2025,FQ4
20251027,2025-10-27,Monday,1,27,300,44,10,October,Oct,4,Q4,2025,202510,2025-Q4,0,0,2025,FQ4
20251028,2025-10-28,Tuesday,2,28,301,44,10,October,Oct,4,Q4,2025,202510,2025-Q4,0,0,2025,FQ4
20251029,2025-10-29,Wednesday,3,29,302,44,10,October,Oct,4,Q4,2025,202510,2025-Q4,0,0,2025,FQ4
20251030,2025-10-30,Thursday,4,30,303,44,10,October,Oct,4,Q4,2025,202510,2025-Q4,0,0,2025,FQ4
20251031,2025-10-31,Friday,5,31,304,44,10,October,Oct,4,Q4,2025,202510,2025-Q4,0,0,2025,FQ4
20251101,2025-11-01,Saturday,6,1,305,44,11,November,Nov,4,Q4,2025,202511,2025-Q4,1,0,2025,FQ4
20251102,2025-11-02,Sunday,7,2,306,44,11,November,Nov,4,Q4,2025,202511,2025-Q4,1,0,2025,FQ4
20251103,2025-11-03,Monday,1,3,307,45,11,November,Nov,4,Q4,2025,202511,2025-Q4,0,0,2025,FQ4
20251104,2025-11-04,Tuesday,2,4,308,45,11,November,Nov,4,Q4,2025,202511,2025-Q4,0,0,2025,FQ4
20251105,2025-11-05,Wednesday,3,5,309,45,11,November,Nov,4,Q4,2025,202511,2025-Q4,0,0,2025,FQ4
20251106,2025-11-06,Thursday,4,6,310,45,11,November,Nov,4,Q4,2025,202511,2025-Q4,0,0,2025,FQ4
20251107,2025-11-07,Friday,5,7,311,45,11,November,Nov,4,Q4,2025,202511,2025-Q4,0,0,2025,FQ4
20251108,2025-11-08,Saturday,6,8,312,45,11,November,Nov,4,Q4,2025,202511,2025-Q4,1,0,2025,FQ4
20251109,2025-11-09,Sunday,7,9,313,45,11,November,Nov,4,Q4,2025,202511,2025-Q4,1,0,2025,FQ4
20251110,2025-11-10,Monday,1,10,314,46,11,November,Nov,4,Q4,2025,202511,2025-Q4,0,0,2025,FQ4
20251111,2025-11-11,Tuesday,2,11,315,46,11,November,Nov,4,Q4,2025,202511,2025-Q4,0,0,2025,FQ4
20251112,2025-11-12,Wednesday,3,12,316,46,11,November,Nov,4,Q4,2025,202511,2025-Q4,0,0,2025,FQ4
20251113,2025-11-13,Thursday,4,13,317,46,11,November,Nov,4,Q4,2025,202511,2025-Q4,0,0,2025,FQ4
20251114,2025-11-14,Friday,5,14,318,46,11,November,Nov,4,Q4,2025,202511,2025-Q4,0,0,2025,FQ4
20251115,2025-11-15,Saturday,6,15,319,46,11,November,Nov,4,Q4,2025,202511,2025-Q4,1,0,2025,FQ4
20251116,2025-11-16,Sunday,7,16,320,46,11,November,Nov,4,Q4,2025,202511,2025-Q4,1,0,2025,FQ4
20251117,2025-11-17,Monday,1,17,321,47,11,November,Nov,4,Q4,2025,202511,2025-Q4,0,0,2025,FQ4
20251118,2025-11-18,Tuesday,2,18,322,47,11,November,Nov,4,Q4,2025,202511,2025-Q4,0,0,2025,FQ4
20251119,2025-11-19,Wednesday,3,19,323,47,11,November,Nov,4,Q4,2025,202511,2025-Q4,0,0,2025,FQ4
20251120,2025-11-20,Thursday,4,20,324,47,11,November,Nov,4,Q4,2025,202511,2025-Q4,0,0,2025,FQ4
20251121,2025-11-21,Friday,5,21,325,47,11,November,Nov,4,Q4,2025,202511,2025-Q4,0,0,2025,FQ4
20251122,2025-11-22,Saturday,6,22,326,47,11,November,Nov,4,Q4,2025,202511,2025-Q4,1,0,2025,FQ4
20251123,2025-11-23,Sunday,7,23,327,47,11,November,Nov,4,Q4,2025,202511,2025-Q4,1,0,2025,FQ4
20251124,2025-11-24,Monday,1,24,328,48,11,November,Nov,4,Q4,2025,202511,2025-Q4,0,0,2025,FQ4
20251125,2025-11-25,Tuesday,2,25,329,48,11,November,Nov,4,Q4,2025,202511,2025-Q4,0,0,2025,FQ4
20251126,2025-11-26,Wednesday,3,26,330,48,11,November,Nov,4,Q4,2025,202511,2025-Q4,0,0,2025,FQ4
20251127,2025-11-27,Thursday,4,27,331,48,11,November,Nov,4,Q4,2025,202511,2025-Q4,0,0,2025,FQ4
20251128,2025-11-28,Friday,5,28,332,48,11,November,Nov,4,Q4,2025,202511,2025-Q4,0,0,2025,FQ4
20251129,2025-11-29,Saturday,6,29,333,48,11,November,Nov,4,Q4,2025,202511,2025-Q4,1,0,2025,FQ4
20251130,2025-11-30,Sunday,7,30,334,48,11,November,Nov,4,Q4,2025,202511,2025-Q4,1,0,2025,FQ4
20251201,2025-12-01,Monday,1,1,335,49,12,December,Dec,4,Q4,2025,202512,2025-Q4,0,0,2025,FQ4
20251202,2025-12-02,Tuesday,2,2,336,49,12,December,Dec,4,Q4,2025,202512,2025-Q4,0,0,2025,FQ4
20251203,2025-12-03,Wednesday,3,3,337,49,12,December,Dec,4,Q4,2025,202512,2025-Q4,0,0,2025,FQ4
20251204,2025-12-04,Thursday,4,4,338,49,12,December,Dec,4,Q4,2025,202512,2025-Q4,0,0,2025,FQ4
20251205,2025-12-05,Friday,5,5,339,49,12,December,Dec,4,Q4,2025,202512,2025-Q4,0,0,2025,FQ4
20251206,2025-12-06,Saturday,6,6,340,49,12,December,Dec,4,Q4,2025,202512,2025-Q4,1,0,2025,FQ4
20251207,2025-12-07,Sunday,7,7,341,49,12,December,Dec,4,Q4,2025,202512,2025-Q4,1,0,2025,FQ4
20251208,2025-12-08,Monday,1,8,342,50,12,December,Dec,4,Q4,2025,202512,2025-Q4,0,0,2025,FQ4
20251209,2025-12-09,Tuesday,2,9,343,50,12,December,Dec,4,Q4,2025,202512,2025-Q4,0,0,2025,FQ4
20251210,2025-12-10,Wednesday,3,10,344,50,12,December,Dec,4,Q4,2025,202512,2025-Q4,0,0,2025,FQ4
20251211,2025-12-11,Thursday,4,11,345,50,12,December,Dec,4,Q4,2025,202512,2025-Q4,0,0,2025,FQ4
20251212,2025-12-12,Friday,5,12,346,50,12,December,Dec,4,Q4,2025,202512,2025-Q4,0,0,2025,FQ4
20251213,2025-12-13,Saturday,6,13,347,50,12,December,Dec,4,Q4,2025,202512,2025-Q4,1,0,2025,FQ4
20251214,2025-12-14,Sunday,7,14,348,50,12,December,Dec,4,Q4,2025,202512,2025-Q4,1,0,2025,FQ4
20251215,2025-12-15,Monday,1,15,349,51,12,December,Dec,4,Q4,2025,202512,2025-Q4,0,0,2025,FQ4
20251216,2025-12-16,Tuesday,2,16,350,51,12,December,Dec,4,Q4,2025,202512,2025-Q4,0,0,2025,FQ4
20251217,2025-12-17,Wednesday,3,17,351,51,12,December,Dec,4,Q4,2025,202512,2025-Q4,0,0,2025,FQ4
20251218,2025-12-18,Thursday,4,18,352,51,12,December,Dec,4,Q4,2025,202512,2025-Q4,0,0,2025,FQ4
20251219,2025-12-19,Friday,5,19,353,51,12,December,Dec,4,Q4,2025,202512,2025-Q4,0,0,2025,FQ4
20251220,2025-12-20,Saturday,6,20,354,51,12,December,Dec,4,Q4,2025,202512,2025-Q4,1,0,2025,FQ4
20251221,2025-12-21,Sunday,7,21,355,51,12,December,Dec,4,Q4,2025,202512,2025-Q4,1,0,2025,FQ4
20251222,2025-12-22,Monday,1,22,356,52,12,December,Dec,4,Q4,2025,202512,2025-Q4,0,0,2025,FQ4
20251223,2025-12-23,Tuesday,2,23,357,52,12,December,Dec,4,Q4,2025,202512,2025-Q4,0,0,2025,FQ4
20251224,2025-12-24,Wednesday,3,24,358,52,12,December,Dec,4,Q4,2025,202512,2025-Q4,0,0,2025,FQ4
20251225,2025-12-25,Thursday,4,25,359,52,12,December,Dec,4,Q4,2025,202512,2025-Q4,0,0,2025,FQ4
20251226,2025-12-26,Friday,5,26,360,52,12,December,Dec,4,Q4,2025,202512,2025-Q4,0,0,2025,FQ4
20251227,2025-12-27,Saturday,6,27,361,52,12,December,Dec,4,Q4,2025,202512,2025-Q4,1,0,2025,FQ4
20251228,2025-12-28,Sunday,7,28,362,52,12,December,Dec,4,Q4,2025,202512,2025-Q4,1,0,2025,FQ4
20251229,2025-12-29,Monday,1,29,363,1,12,December,Dec,4,Q4,2025,202512,2025-Q4,0,0,2025,FQ4
20251230,2025-12-30,Tuesday,2,30,364,1,12,December,Dec,4,Q4,2025,202512,2025-Q4,0,0,2025,FQ4
20251231,2025-12-31,Wednesday,3,31,365,1,12,December,Dec,4,Q4,2025,202512,2025-Q4,0,0,2025,FQ4
